repo,entity,record_count,min_date,max_date,timespan_months,is_truncated,oldest_date_covered,live_api_total,pct_captured
apache_cassandra,commits,696,2026-04-01T16:45:54Z,2026-09-30T09:18:25Z,6.0,False,Full history,32383,2.15
apache_cassandra,issues,1130,2014-06-23T03:57:28Z,2026-09-30T10:00:07Z,147.3,False,Full history,0,0.0
apache_cassandra,pulls,527,2026-04-02T14:55:07Z,2026-09-30T10:00:07Z,5.9,False,Full history,5222,10.09
apache_cassandra,releases,0,,,0.0,False,Full history,0,100.0
chroma-core_chroma,commits,418,2026-04-01T00:18:53Z,2026-09-30T16:28:36Z,6.0,False,Full history,4659,8.97
chroma-core_chroma,issues,1141,2023-05-05T17:14:11Z,2026-09-30T11:57:45Z,40.9,False,Full history,1704,66.96
chroma-core_chroma,pulls,887,2026-04-01T00:03:15Z,2026-09-29T23:56:05Z,6.0,False,Full history,6053,14.65
chroma-core_chroma,releases,137,2022-10-22T20:48:07Z,2026-05-05T05:55:40Z,42.4,False,Full history,137,100.0
cockroachdb_cockroach,commits,2492,2026-04-01T00:47:26Z,2026-09-23T13:47:07Z,5.8,False,Full history,118999,2.09
cockroachdb_cockroach,issues,13978,2014-10-13T21:39:05Z,2026-09-30T16:16:09Z,143.6,False,Full history,89833,15.56
cockroachdb_cockroach,pulls,2292,2026-04-01T03:58:34Z,2026-09-28T03:45:13Z,5.9,False,Full history,85812,2.67
cockroachdb_cockroach,releases,0,,,0.0,False,Full history,0,100.0
facebookresearch_faiss,commits,461,2026-04-01T07:04:06Z,2026-09-29T20:39:58Z,6.0,False,Full history,2325,19.83
facebookresearch_faiss,issues,753,2019-12-10T09:19:20Z,2026-09-30T14:10:24Z,81.7,False,Full history,2804,26.85
facebookresearch_faiss,pulls,583,2026-04-01T16:19:47Z,2026-09-30T14:10:24Z,6.0,False,Full history,2559,22.78
facebookresearch_faiss,releases,29,2018-03-01T13:43:24Z,2026-09-16T19:24:02Z,102.5,False,Full history,29,100.0
milvus-io_milvus,commits,1364,2026-04-01T02:21:34Z,2026-09-30T14:57:37Z,6.0,False,Full history,25686,5.31
milvus-io_milvus,issues,5964,2020-09-10T03:00:08Z,2026-09-30T11:24:05Z,72.7,False,Full history,17047,34.99
milvus-io_milvus,pulls,3484,2026-04-01T02:12:02Z,2026-09-30T09:07:13Z,6.0,False,Full history,33010,10.55
milvus-io_milvus,releases,176,2019-10-21T16:28:49Z,2026-09-29T06:56:47Z,83.3,False,Full history,176,100.0
mongodb_mongo,commits,5839,2026-04-01T00:13:05Z,2026-09-30T16:21:54Z,6.0,False,Full history,103433,5.65
mongodb_mongo,issues,218,2010-10-04T20:40:40Z,2026-09-26T04:49:02Z,191.7,False,Full history,0,0.0
mongodb_mongo,pulls,189,2026-04-20T18:27:14Z,2026-09-26T04:49:02Z,5.2,False,Full history,1804,10.48
mongodb_mongo,releases,0,,,0.0,False,Full history,0,100.0
postgres_postgres,commits,1674,2026-04-01T01:37:01Z,2026-09-30T12:36:33Z,6.0,False,Full history,65507,2.56
postgres_postgres,issues,0,,,0.0,False,Full history,0,100.0
postgres_postgres,pulls,0,,,0.0,False,Full history,0,100.0
postgres_postgres,releases,0,,,0.0,False,Full history,0,100.0
qdrant_qdrant,commits,1271,2026-05-08T11:45:21Z,2026-09-03T12:36:18Z,3.9,False,Full history,6899,18.42
qdrant_qdrant,issues,2678,2022-10-17T08:03:42Z,2026-09-30T13:32:03Z,47.4,False,Full history,2018,132.71
qdrant_qdrant,pulls,1892,2026-04-01T03:03:52Z,2026-09-30T13:32:03Z,6.0,False,Full history,8331,22.71
qdrant_qdrant,releases,117,2021-04-06T15:35:20Z,2026-09-04T07:59:14Z,64.9,False,Full history,117,100.0
redis_redis,commits,313,2026-04-01T09:58:51Z,2026-09-30T12:02:11Z,6.0,False,Full history,13319,2.35
redis_redis,issues,1110,2010-12-08T21:12:57Z,2026-09-29T08:34:42Z,189.7,False,Full history,7087,15.66
redis_redis,pulls,704,2026-04-01T15:48:43Z,2026-09-29T08:34:42Z,5.9,False,Full history,8335,8.45
redis_redis,releases,155,2020-07-20T18:15:54Z,2026-09-17T15:06:56Z,73.9,False,Full history,155,100.0
surrealdb_surrealdb,commits,414,2026-04-01T08:17:58Z,2026-09-04T15:45:01Z,5.1,False,Full history,4759,8.7
surrealdb_surrealdb,issues,891,2022-08-10T14:53:29Z,2026-09-30T14:17:41Z,49.7,False,Full history,2649,33.64
surrealdb_surrealdb,pulls,123,2026-04-01T12:54:41Z,2026-09-30T14:17:41Z,6.0,False,Full history,3294,3.73
surrealdb_surrealdb,releases,150,2022-07-18T22:31:58Z,2026-09-28T11:40:59Z,50.4,False,Full history,150,100.0
