repo,entity,total_captured_records,strict_common_window,strict_window_records,strict_window_retention_pct,recommended_window,recommended_window_records,recommended_window_retention_pct,releases_feed_empty
apache_cassandra,commits,696,2026-05-08T11:45:21Z - 2026-09-03T12:36:18Z,479,68.82,2026-04-01 - 2026-09-30 (6 Months),696,100.0,True
chroma-core_chroma,commits,418,2026-05-08T11:45:21Z - 2026-09-03T12:36:18Z,267,63.88,2026-04-01 - 2026-09-30 (6 Months),418,100.0,False
cockroachdb_cockroach,commits,2492,2026-05-08T11:45:21Z - 2026-09-03T12:36:18Z,938,37.64,2026-04-01 - 2026-09-30 (6 Months),2492,100.0,True
facebookresearch_faiss,commits,461,2026-05-08T11:45:21Z - 2026-09-03T12:36:18Z,255,55.31,2026-04-01 - 2026-09-30 (6 Months),461,100.0,False
milvus-io_milvus,commits,1364,2026-05-08T11:45:21Z - 2026-09-03T12:36:18Z,900,65.98,2026-04-01 - 2026-09-30 (6 Months),1364,100.0,False
mongodb_mongo,commits,5839,2026-05-08T11:45:21Z - 2026-09-03T12:36:18Z,4031,69.04,2026-04-01 - 2026-09-30 (6 Months),5839,100.0,True
postgres_postgres,commits,1674,2026-05-08T11:45:21Z - 2026-09-03T12:36:18Z,1018,60.81,2026-04-01 - 2026-09-30 (6 Months),1674,100.0,True
qdrant_qdrant,commits,1271,2026-05-08T11:45:21Z - 2026-09-03T12:36:18Z,1271,100.0,2026-04-01 - 2026-09-30 (6 Months),1271,100.0,False
redis_redis,commits,313,2026-05-08T11:45:21Z - 2026-09-03T12:36:18Z,214,68.37,2026-04-01 - 2026-09-30 (6 Months),313,100.0,False
surrealdb_surrealdb,commits,414,2026-05-08T11:45:21Z - 2026-09-03T12:36:18Z,298,71.98,2026-04-01 - 2026-09-30 (6 Months),414,100.0,False
