repo,entity,primary_key,total_records,duplicate_keys_count,duplicate_records_count,key_collisions_with_different_content,examples,status
apache_cassandra,commits,sha,696,0,0,0,None,PASS
apache_cassandra,issues,id,1130,0,0,0,None,PASS
apache_cassandra,pulls,id,527,0,0,0,None,PASS
chroma-core_chroma,commits,sha,418,0,0,0,None,PASS
chroma-core_chroma,issues,id,1141,0,0,0,None,PASS
chroma-core_chroma,pulls,id,887,0,0,0,None,PASS
chroma-core_chroma,releases,id,137,0,0,0,None,PASS
cockroachdb_cockroach,commits,sha,2492,0,0,0,None,PASS
cockroachdb_cockroach,issues,id,13978,0,0,0,None,PASS
cockroachdb_cockroach,pulls,id,2292,0,0,0,None,PASS
facebookresearch_faiss,commits,sha,461,0,0,0,None,PASS
facebookresearch_faiss,issues,id,753,0,0,0,None,PASS
facebookresearch_faiss,pulls,id,583,0,0,0,None,PASS
facebookresearch_faiss,releases,id,29,0,0,0,None,PASS
milvus-io_milvus,commits,sha,1364,0,0,0,None,PASS
milvus-io_milvus,issues,id,5964,0,0,0,None,PASS
milvus-io_milvus,pulls,id,3484,0,0,0,None,PASS
milvus-io_milvus,releases,id,176,0,0,0,None,PASS
mongodb_mongo,commits,sha,5839,0,0,0,None,PASS
mongodb_mongo,issues,id,218,0,0,0,None,PASS
mongodb_mongo,pulls,id,189,0,0,0,None,PASS
postgres_postgres,commits,sha,1674,0,0,0,None,PASS
qdrant_qdrant,commits,sha,1271,0,0,0,None,PASS
qdrant_qdrant,issues,id,2678,0,0,0,None,PASS
qdrant_qdrant,pulls,id,1892,0,0,0,None,PASS
qdrant_qdrant,releases,id,117,0,0,0,None,PASS
redis_redis,commits,sha,313,0,0,0,None,PASS
redis_redis,issues,id,1110,0,0,0,None,PASS
redis_redis,pulls,id,704,0,0,0,None,PASS
redis_redis,releases,id,155,0,0,0,None,PASS
surrealdb_surrealdb,commits,sha,414,0,0,0,None,PASS
surrealdb_surrealdb,issues,id,891,0,0,0,None,PASS
surrealdb_surrealdb,pulls,id,123,0,0,0,None,PASS
surrealdb_surrealdb,releases,id,150,0,0,0,None,PASS
