repo,entity,year_month,record_count
apache_cassandra,commits,2026-04,102
apache_cassandra,commits,2026-05,80
apache_cassandra,commits,2026-06,139
apache_cassandra,commits,2026-07,111
apache_cassandra,commits,2026-08,135
apache_cassandra,commits,2026-09,129
apache_cassandra,issues,2014-06,1
apache_cassandra,issues,2015-10,1
apache_cassandra,issues,2016-08,1
apache_cassandra,issues,2017-05,1
apache_cassandra,issues,2017-06,1
apache_cassandra,issues,2017-09,1
apache_cassandra,issues,2017-10,3
apache_cassandra,issues,2018-02,1
apache_cassandra,issues,2018-03,2
apache_cassandra,issues,2018-04,1
apache_cassandra,issues,2018-08,2
apache_cassandra,issues,2018-10,1
apache_cassandra,issues,2018-11,2
apache_cassandra,issues,2019-05,5
apache_cassandra,issues,2019-06,2
apache_cassandra,issues,2019-08,2
apache_cassandra,issues,2019-10,3
apache_cassandra,issues,2019-11,2
apache_cassandra,issues,2019-12,2
apache_cassandra,issues,2020-01,3
apache_cassandra,issues,2020-02,1
apache_cassandra,issues,2020-03,4
apache_cassandra,issues,2020-04,3
apache_cassandra,issues,2020-05,2
apache_cassandra,issues,2020-06,2
apache_cassandra,issues,2020-07,2
apache_cassandra,issues,2020-09,1
apache_cassandra,issues,2020-12,1
apache_cassandra,issues,2021-01,1
apache_cassandra,issues,2021-03,2
apache_cassandra,issues,2021-04,2
apache_cassandra,issues,2021-06,4
apache_cassandra,issues,2021-07,3
apache_cassandra,issues,2021-08,7
apache_cassandra,issues,2021-09,3
apache_cassandra,issues,2021-10,4
apache_cassandra,issues,2021-11,3
apache_cassandra,issues,2021-12,3
apache_cassandra,issues,2022-01,3
apache_cassandra,issues,2022-02,2
apache_cassandra,issues,2022-03,3
apache_cassandra,issues,2022-04,3
apache_cassandra,issues,2022-05,3
apache_cassandra,issues,2022-06,5
apache_cassandra,issues,2022-07,2
apache_cassandra,issues,2022-08,1
apache_cassandra,issues,2022-09,8
apache_cassandra,issues,2022-10,9
apache_cassandra,issues,2022-11,11
apache_cassandra,issues,2022-12,4
apache_cassandra,issues,2023-01,3
apache_cassandra,issues,2023-02,10
apache_cassandra,issues,2023-03,10
apache_cassandra,issues,2023-04,5
apache_cassandra,issues,2023-05,10
apache_cassandra,issues,2023-06,14
apache_cassandra,issues,2023-07,10
apache_cassandra,issues,2023-08,19
apache_cassandra,issues,2023-09,18
apache_cassandra,issues,2023-10,16
apache_cassandra,issues,2023-11,16
apache_cassandra,issues,2023-12,5
apache_cassandra,issues,2024-01,6
apache_cassandra,issues,2024-02,10
apache_cassandra,issues,2024-03,8
apache_cassandra,issues,2024-04,12
apache_cassandra,issues,2024-05,23
apache_cassandra,issues,2024-06,10
apache_cassandra,issues,2024-07,15
apache_cassandra,issues,2024-08,12
apache_cassandra,issues,2024-09,11
apache_cassandra,issues,2024-10,9
apache_cassandra,issues,2024-11,8
apache_cassandra,issues,2024-12,7
apache_cassandra,issues,2025-01,4
apache_cassandra,issues,2025-02,10
apache_cassandra,issues,2025-03,11
apache_cassandra,issues,2025-04,17
apache_cassandra,issues,2025-05,13
apache_cassandra,issues,2025-06,6
apache_cassandra,issues,2025-07,14
apache_cassandra,issues,2025-08,12
apache_cassandra,issues,2025-09,9
apache_cassandra,issues,2025-10,10
apache_cassandra,issues,2025-11,9
apache_cassandra,issues,2025-12,4
apache_cassandra,issues,2026-01,31
apache_cassandra,issues,2026-02,15
apache_cassandra,issues,2026-03,32
apache_cassandra,issues,2026-04,81
apache_cassandra,issues,2026-05,74
apache_cassandra,issues,2026-06,56
apache_cassandra,issues,2026-07,79
apache_cassandra,issues,2026-08,96
apache_cassandra,issues,2026-09,141
apache_cassandra,pulls,2026-04,81
apache_cassandra,pulls,2026-05,74
apache_cassandra,pulls,2026-06,56
apache_cassandra,pulls,2026-07,79
apache_cassandra,pulls,2026-08,96
apache_cassandra,pulls,2026-09,141
chroma-core_chroma,commits,2026-04,102
chroma-core_chroma,commits,2026-05,90
chroma-core_chroma,commits,2026-06,74
chroma-core_chroma,commits,2026-07,85
chroma-core_chroma,commits,2026-08,28
chroma-core_chroma,commits,2026-09,39
chroma-core_chroma,issues,2023-05,3
chroma-core_chroma,issues,2023-06,1
chroma-core_chroma,issues,2023-07,1
chroma-core_chroma,issues,2023-08,1
chroma-core_chroma,issues,2023-09,1
chroma-core_chroma,issues,2023-10,1
chroma-core_chroma,issues,2023-11,3
chroma-core_chroma,issues,2024-01,1
chroma-core_chroma,issues,2024-02,1
chroma-core_chroma,issues,2024-03,1
chroma-core_chroma,issues,2024-04,3
chroma-core_chroma,issues,2024-05,7
chroma-core_chroma,issues,2024-06,2
chroma-core_chroma,issues,2024-07,4
chroma-core_chroma,issues,2024-08,1
chroma-core_chroma,issues,2024-09,4
chroma-core_chroma,issues,2024-10,1
chroma-core_chroma,issues,2024-11,2
chroma-core_chroma,issues,2025-01,1
chroma-core_chroma,issues,2025-02,1
chroma-core_chroma,issues,2025-03,1
chroma-core_chroma,issues,2025-04,3
chroma-core_chroma,issues,2025-05,2
chroma-core_chroma,issues,2025-06,2
chroma-core_chroma,issues,2025-07,4
chroma-core_chroma,issues,2025-09,2
chroma-core_chroma,issues,2025-10,2
chroma-core_chroma,issues,2025-11,3
chroma-core_chroma,issues,2025-12,8
chroma-core_chroma,issues,2026-01,5
chroma-core_chroma,issues,2026-02,6
chroma-core_chroma,issues,2026-03,69
chroma-core_chroma,issues,2026-04,195
chroma-core_chroma,issues,2026-05,163
chroma-core_chroma,issues,2026-06,188
chroma-core_chroma,issues,2026-07,170
chroma-core_chroma,issues,2026-08,123
chroma-core_chroma,issues,2026-09,155
chroma-core_chroma,pulls,2026-04,169
chroma-core_chroma,pulls,2026-05,151
chroma-core_chroma,pulls,2026-06,164
chroma-core_chroma,pulls,2026-07,152
chroma-core_chroma,pulls,2026-08,115
chroma-core_chroma,pulls,2026-09,136
chroma-core_chroma,releases,2022-10,1
chroma-core_chroma,releases,2023-02,12
chroma-core_chroma,releases,2023-03,8
chroma-core_chroma,releases,2023-04,2
chroma-core_chroma,releases,2023-05,3
chroma-core_chroma,releases,2023-06,1
chroma-core_chroma,releases,2023-07,6
chroma-core_chroma,releases,2023-08,5
chroma-core_chroma,releases,2023-09,5
chroma-core_chroma,releases,2023-10,2
chroma-core_chroma,releases,2023-11,3
chroma-core_chroma,releases,2023-12,3
chroma-core_chroma,releases,2024-01,1
chroma-core_chroma,releases,2024-02,2
chroma-core_chroma,releases,2024-04,1
chroma-core_chroma,releases,2024-06,2
chroma-core_chroma,releases,2024-07,2
chroma-core_chroma,releases,2024-09,3
chroma-core_chroma,releases,2024-10,5
chroma-core_chroma,releases,2024-11,2
chroma-core_chroma,releases,2024-12,2
chroma-core_chroma,releases,2025-01,3
chroma-core_chroma,releases,2025-04,9
chroma-core_chroma,releases,2025-05,6
chroma-core_chroma,releases,2025-06,2
chroma-core_chroma,releases,2025-07,2
chroma-core_chroma,releases,2025-08,8
chroma-core_chroma,releases,2025-09,4
chroma-core_chroma,releases,2025-10,5
chroma-core_chroma,releases,2025-11,5
chroma-core_chroma,releases,2025-12,5
chroma-core_chroma,releases,2026-01,2
chroma-core_chroma,releases,2026-02,5
chroma-core_chroma,releases,2026-03,2
chroma-core_chroma,releases,2026-04,5
chroma-core_chroma,releases,2026-05,3
cockroachdb_cockroach,commits,2026-04,1234
cockroachdb_cockroach,commits,2026-05,1100
cockroachdb_cockroach,commits,2026-06,115
cockroachdb_cockroach,commits,2026-07,18
cockroachdb_cockroach,commits,2026-08,14
cockroachdb_cockroach,commits,2026-09,11
cockroachdb_cockroach,issues,2014-10,1
cockroachdb_cockroach,issues,2014-11,1
cockroachdb_cockroach,issues,2014-12,2
cockroachdb_cockroach,issues,2015-01,1
cockroachdb_cockroach,issues,2015-02,2
cockroachdb_cockroach,issues,2015-03,5
cockroachdb_cockroach,issues,2015-04,12
cockroachdb_cockroach,issues,2015-05,2
cockroachdb_cockroach,issues,2016-03,45
cockroachdb_cockroach,issues,2016-08,1
cockroachdb_cockroach,issues,2017-02,1
cockroachdb_cockroach,issues,2017-05,1
cockroachdb_cockroach,issues,2017-11,1
cockroachdb_cockroach,issues,2017-12,3
cockroachdb_cockroach,issues,2018-02,2
cockroachdb_cockroach,issues,2018-03,4
cockroachdb_cockroach,issues,2018-04,5
cockroachdb_cockroach,issues,2018-05,34
cockroachdb_cockroach,issues,2018-06,2
cockroachdb_cockroach,issues,2018-07,1
cockroachdb_cockroach,issues,2018-08,2
cockroachdb_cockroach,issues,2018-09,1
cockroachdb_cockroach,issues,2018-10,5
cockroachdb_cockroach,issues,2018-12,2
cockroachdb_cockroach,issues,2019-03,2
cockroachdb_cockroach,issues,2019-05,1
cockroachdb_cockroach,issues,2019-09,3
cockroachdb_cockroach,issues,2019-10,2
cockroachdb_cockroach,issues,2019-11,2
cockroachdb_cockroach,issues,2020-01,2
cockroachdb_cockroach,issues,2020-02,2
cockroachdb_cockroach,issues,2020-03,6
cockroachdb_cockroach,issues,2020-04,4
cockroachdb_cockroach,issues,2020-05,6
cockroachdb_cockroach,issues,2020-06,1
cockroachdb_cockroach,issues,2020-07,3
cockroachdb_cockroach,issues,2020-08,2
cockroachdb_cockroach,issues,2020-09,5
cockroachdb_cockroach,issues,2020-11,7
cockroachdb_cockroach,issues,2020-12,2
cockroachdb_cockroach,issues,2021-01,4
cockroachdb_cockroach,issues,2021-02,16
cockroachdb_cockroach,issues,2021-03,3
cockroachdb_cockroach,issues,2021-04,3
cockroachdb_cockroach,issues,2021-05,7
cockroachdb_cockroach,issues,2021-06,3
cockroachdb_cockroach,issues,2021-07,7
cockroachdb_cockroach,issues,2021-08,3
cockroachdb_cockroach,issues,2021-09,2
cockroachdb_cockroach,issues,2021-10,9
cockroachdb_cockroach,issues,2021-11,7
cockroachdb_cockroach,issues,2021-12,5
cockroachdb_cockroach,issues,2022-01,6
cockroachdb_cockroach,issues,2022-02,5
cockroachdb_cockroach,issues,2022-03,14
cockroachdb_cockroach,issues,2022-04,24
cockroachdb_cockroach,issues,2022-05,10
cockroachdb_cockroach,issues,2022-06,16
cockroachdb_cockroach,issues,2022-07,20
cockroachdb_cockroach,issues,2022-08,20
cockroachdb_cockroach,issues,2022-09,14
cockroachdb_cockroach,issues,2022-10,14
cockroachdb_cockroach,issues,2022-11,21
cockroachdb_cockroach,issues,2022-12,23
cockroachdb_cockroach,issues,2023-01,11
cockroachdb_cockroach,issues,2023-02,42
cockroachdb_cockroach,issues,2023-03,21
cockroachdb_cockroach,issues,2023-04,23
cockroachdb_cockroach,issues,2023-05,19
cockroachdb_cockroach,issues,2023-06,31
cockroachdb_cockroach,issues,2023-07,38
cockroachdb_cockroach,issues,2023-08,37
cockroachdb_cockroach,issues,2023-09,21
cockroachdb_cockroach,issues,2023-10,18
cockroachdb_cockroach,issues,2023-11,27
cockroachdb_cockroach,issues,2023-12,24
cockroachdb_cockroach,issues,2024-01,12
cockroachdb_cockroach,issues,2024-02,24
cockroachdb_cockroach,issues,2024-03,16
cockroachdb_cockroach,issues,2024-04,35
cockroachdb_cockroach,issues,2024-05,27
cockroachdb_cockroach,issues,2024-06,63
cockroachdb_cockroach,issues,2024-07,60
cockroachdb_cockroach,issues,2024-08,81
cockroachdb_cockroach,issues,2024-09,67
cockroachdb_cockroach,issues,2024-10,117
cockroachdb_cockroach,issues,2024-11,197
cockroachdb_cockroach,issues,2024-12,138
cockroachdb_cockroach,issues,2025-01,89
cockroachdb_cockroach,issues,2025-02,95
cockroachdb_cockroach,issues,2025-03,103
cockroachdb_cockroach,issues,2025-04,90
cockroachdb_cockroach,issues,2025-05,126
cockroachdb_cockroach,issues,2025-06,179
cockroachdb_cockroach,issues,2025-07,175
cockroachdb_cockroach,issues,2025-08,159
cockroachdb_cockroach,issues,2025-09,148
cockroachdb_cockroach,issues,2025-10,227
cockroachdb_cockroach,issues,2025-11,184
cockroachdb_cockroach,issues,2025-12,193
cockroachdb_cockroach,issues,2026-01,179
cockroachdb_cockroach,issues,2026-02,399
cockroachdb_cockroach,issues,2026-03,1330
cockroachdb_cockroach,issues,2026-04,2289
cockroachdb_cockroach,issues,2026-05,1738
cockroachdb_cockroach,issues,2026-06,871
cockroachdb_cockroach,issues,2026-07,886
cockroachdb_cockroach,issues,2026-08,1376
cockroachdb_cockroach,issues,2026-09,1551
cockroachdb_cockroach,pulls,2026-04,1210
cockroachdb_cockroach,pulls,2026-05,895
cockroachdb_cockroach,pulls,2026-06,62
cockroachdb_cockroach,pulls,2026-07,18
cockroachdb_cockroach,pulls,2026-08,41
cockroachdb_cockroach,pulls,2026-09,66
facebookresearch_faiss,commits,2026-04,129
facebookresearch_faiss,commits,2026-05,74
facebookresearch_faiss,commits,2026-06,72
facebookresearch_faiss,commits,2026-07,99
facebookresearch_faiss,commits,2026-08,35
facebookresearch_faiss,commits,2026-09,52
facebookresearch_faiss,issues,2019-12,1
facebookresearch_faiss,issues,2020-06,1
facebookresearch_faiss,issues,2021-01,1
facebookresearch_faiss,issues,2021-02,1
facebookresearch_faiss,issues,2022-09,1
facebookresearch_faiss,issues,2022-11,1
facebookresearch_faiss,issues,2023-06,1
facebookresearch_faiss,issues,2023-07,1
facebookresearch_faiss,issues,2023-08,1
facebookresearch_faiss,issues,2023-10,2
facebookresearch_faiss,issues,2023-11,2
facebookresearch_faiss,issues,2024-03,1
facebookresearch_faiss,issues,2024-06,1
facebookresearch_faiss,issues,2024-08,1
facebookresearch_faiss,issues,2024-09,3
facebookresearch_faiss,issues,2024-10,4
facebookresearch_faiss,issues,2024-11,1
facebookresearch_faiss,issues,2024-12,1
facebookresearch_faiss,issues,2025-01,1
facebookresearch_faiss,issues,2025-03,1
facebookresearch_faiss,issues,2025-04,3
facebookresearch_faiss,issues,2025-05,2
facebookresearch_faiss,issues,2025-07,1
facebookresearch_faiss,issues,2025-08,10
facebookresearch_faiss,issues,2025-09,4
facebookresearch_faiss,issues,2025-10,2
facebookresearch_faiss,issues,2025-11,2
facebookresearch_faiss,issues,2025-12,3
facebookresearch_faiss,issues,2026-01,4
facebookresearch_faiss,issues,2026-02,5
facebookresearch_faiss,issues,2026-03,39
facebookresearch_faiss,issues,2026-04,142
facebookresearch_faiss,issues,2026-05,90
facebookresearch_faiss,issues,2026-06,104
facebookresearch_faiss,issues,2026-07,125
facebookresearch_faiss,issues,2026-08,52
facebookresearch_faiss,issues,2026-09,138
facebookresearch_faiss,pulls,2026-04,139
facebookresearch_faiss,pulls,2026-05,87
facebookresearch_faiss,pulls,2026-06,84
facebookresearch_faiss,pulls,2026-07,114
facebookresearch_faiss,pulls,2026-08,47
facebookresearch_faiss,pulls,2026-09,112
facebookresearch_faiss,releases,2018-03,1
facebookresearch_faiss,releases,2018-07,1
facebookresearch_faiss,releases,2018-08,1
facebookresearch_faiss,releases,2019-05,3
facebookresearch_faiss,releases,2019-06,1
facebookresearch_faiss,releases,2020-08,1
facebookresearch_faiss,releases,2020-10,1
facebookresearch_faiss,releases,2020-12,1
facebookresearch_faiss,releases,2021-02,1
facebookresearch_faiss,releases,2021-05,1
facebookresearch_faiss,releases,2022-01,1
facebookresearch_faiss,releases,2022-11,1
facebookresearch_faiss,releases,2023-04,1
facebookresearch_faiss,releases,2024-03,1
facebookresearch_faiss,releases,2024-10,1
facebookresearch_faiss,releases,2025-01,1
facebookresearch_faiss,releases,2025-04,1
facebookresearch_faiss,releases,2025-08,1
facebookresearch_faiss,releases,2025-11,1
facebookresearch_faiss,releases,2025-12,2
facebookresearch_faiss,releases,2026-03,2
facebookresearch_faiss,releases,2026-05,1
facebookresearch_faiss,releases,2026-06,1
facebookresearch_faiss,releases,2026-08,1
facebookresearch_faiss,releases,2026-09,1
milvus-io_milvus,commits,2026-04,249
milvus-io_milvus,commits,2026-05,169
milvus-io_milvus,commits,2026-06,240
milvus-io_milvus,commits,2026-07,270
milvus-io_milvus,commits,2026-08,219
milvus-io_milvus,commits,2026-09,217
milvus-io_milvus,issues,2020-09,1
milvus-io_milvus,issues,2021-04,2
milvus-io_milvus,issues,2022-06,1
milvus-io_milvus,issues,2022-11,1
milvus-io_milvus,issues,2023-01,1
milvus-io_milvus,issues,2023-03,1
milvus-io_milvus,issues,2023-05,3
milvus-io_milvus,issues,2023-06,1
milvus-io_milvus,issues,2023-07,4
milvus-io_milvus,issues,2023-08,2
milvus-io_milvus,issues,2023-10,5
milvus-io_milvus,issues,2023-11,1
milvus-io_milvus,issues,2024-01,3
milvus-io_milvus,issues,2024-03,3
milvus-io_milvus,issues,2024-04,3
milvus-io_milvus,issues,2024-05,1
milvus-io_milvus,issues,2024-06,4
milvus-io_milvus,issues,2024-07,3
milvus-io_milvus,issues,2024-09,1
milvus-io_milvus,issues,2024-10,2
milvus-io_milvus,issues,2024-11,4
milvus-io_milvus,issues,2024-12,2
milvus-io_milvus,issues,2025-01,6
milvus-io_milvus,issues,2025-02,7
milvus-io_milvus,issues,2025-03,8
milvus-io_milvus,issues,2025-04,6
milvus-io_milvus,issues,2025-05,5
milvus-io_milvus,issues,2025-06,10
milvus-io_milvus,issues,2025-07,20
milvus-io_milvus,issues,2025-08,27
milvus-io_milvus,issues,2025-09,25
milvus-io_milvus,issues,2025-10,26
milvus-io_milvus,issues,2025-11,54
milvus-io_milvus,issues,2025-12,58
milvus-io_milvus,issues,2026-01,84
milvus-io_milvus,issues,2026-02,123
milvus-io_milvus,issues,2026-03,297
milvus-io_milvus,issues,2026-04,798
milvus-io_milvus,issues,2026-05,695
milvus-io_milvus,issues,2026-06,739
milvus-io_milvus,issues,2026-07,1131
milvus-io_milvus,issues,2026-08,932
milvus-io_milvus,issues,2026-09,864
milvus-io_milvus,pulls,2026-04,582
milvus-io_milvus,pulls,2026-05,470
milvus-io_milvus,pulls,2026-06,455
milvus-io_milvus,pulls,2026-07,771
milvus-io_milvus,pulls,2026-08,645
milvus-io_milvus,pulls,2026-09,561
milvus-io_milvus,releases,2019-10,1
milvus-io_milvus,releases,2019-11,3
milvus-io_milvus,releases,2019-12,1
milvus-io_milvus,releases,2020-03,1
milvus-io_milvus,releases,2020-04,2
milvus-io_milvus,releases,2020-05,2
milvus-io_milvus,releases,2020-06,2
milvus-io_milvus,releases,2020-07,1
milvus-io_milvus,releases,2020-08,1
milvus-io_milvus,releases,2020-09,1
milvus-io_milvus,releases,2020-12,1
milvus-io_milvus,releases,2021-01,1
milvus-io_milvus,releases,2021-02,1
milvus-io_milvus,releases,2021-03,1
milvus-io_milvus,releases,2021-05,1
milvus-io_milvus,releases,2021-06,2
milvus-io_milvus,releases,2021-07,1
milvus-io_milvus,releases,2021-08,2
milvus-io_milvus,releases,2021-09,2
milvus-io_milvus,releases,2021-10,1
milvus-io_milvus,releases,2021-11,1
milvus-io_milvus,releases,2021-12,1
milvus-io_milvus,releases,2022-01,1
milvus-io_milvus,releases,2022-02,1
milvus-io_milvus,releases,2022-04,1
milvus-io_milvus,releases,2022-07,1
milvus-io_milvus,releases,2022-08,1
milvus-io_milvus,releases,2022-09,3
milvus-io_milvus,releases,2022-11,1
milvus-io_milvus,releases,2022-12,2
milvus-io_milvus,releases,2023-02,1
milvus-io_milvus,releases,2023-03,3
milvus-io_milvus,releases,2023-04,2
milvus-io_milvus,releases,2023-05,1
milvus-io_milvus,releases,2023-06,3
milvus-io_milvus,releases,2023-07,1
milvus-io_milvus,releases,2023-08,3
milvus-io_milvus,releases,2023-09,1
milvus-io_milvus,releases,2023-10,1
milvus-io_milvus,releases,2023-11,3
milvus-io_milvus,releases,2024-01,3
milvus-io_milvus,releases,2024-02,3
milvus-io_milvus,releases,2024-03,3
milvus-io_milvus,releases,2024-04,3
milvus-io_milvus,releases,2024-05,6
milvus-io_milvus,releases,2024-06,2
milvus-io_milvus,releases,2024-07,3
milvus-io_milvus,releases,2024-08,4
milvus-io_milvus,releases,2024-09,2
milvus-io_milvus,releases,2024-10,4
milvus-io_milvus,releases,2024-11,4
milvus-io_milvus,releases,2024-12,4
milvus-io_milvus,releases,2025-01,5
milvus-io_milvus,releases,2025-02,3
milvus-io_milvus,releases,2025-03,2
milvus-io_milvus,releases,2025-04,6
milvus-io_milvus,releases,2025-05,1
milvus-io_milvus,releases,2025-06,4
milvus-io_milvus,releases,2025-07,3
milvus-io_milvus,releases,2025-08,5
milvus-io_milvus,releases,2025-09,3
milvus-io_milvus,releases,2025-10,4
milvus-io_milvus,releases,2025-11,6
milvus-io_milvus,releases,2025-12,3
milvus-io_milvus,releases,2026-01,4
milvus-io_milvus,releases,2026-02,3
milvus-io_milvus,releases,2026-03,3
milvus-io_milvus,releases,2026-04,2
milvus-io_milvus,releases,2026-05,5
milvus-io_milvus,releases,2026-06,2
milvus-io_milvus,releases,2026-07,4
milvus-io_milvus,releases,2026-08,2
milvus-io_milvus,releases,2026-09,5
mongodb_mongo,commits,2026-04,1114
mongodb_mongo,commits,2026-05,874
mongodb_mongo,commits,2026-06,1218
mongodb_mongo,commits,2026-07,1368
mongodb_mongo,commits,2026-08,807
mongodb_mongo,commits,2026-09,458
mongodb_mongo,issues,2010-10,1
mongodb_mongo,issues,2017-05,1
mongodb_mongo,issues,2018-03,1
mongodb_mongo,issues,2019-01,1
mongodb_mongo,issues,2019-05,1
mongodb_mongo,issues,2019-07,1
mongodb_mongo,issues,2021-11,1
mongodb_mongo,issues,2023-05,2
mongodb_mongo,issues,2023-06,1
mongodb_mongo,issues,2023-07,1
mongodb_mongo,issues,2023-10,1
mongodb_mongo,issues,2023-11,1
mongodb_mongo,issues,2023-12,1
mongodb_mongo,issues,2025-01,1
mongodb_mongo,issues,2025-04,1
mongodb_mongo,issues,2025-08,1
mongodb_mongo,issues,2025-10,2
mongodb_mongo,issues,2025-12,1
mongodb_mongo,issues,2026-01,1
mongodb_mongo,issues,2026-02,3
mongodb_mongo,issues,2026-03,5
mongodb_mongo,issues,2026-04,2
mongodb_mongo,issues,2026-05,175
mongodb_mongo,issues,2026-06,3
mongodb_mongo,issues,2026-07,2
mongodb_mongo,issues,2026-08,1
mongodb_mongo,issues,2026-09,6
mongodb_mongo,pulls,2026-04,2
mongodb_mongo,pulls,2026-05,175
mongodb_mongo,pulls,2026-06,3
mongodb_mongo,pulls,2026-07,2
mongodb_mongo,pulls,2026-08,1
mongodb_mongo,pulls,2026-09,6
postgres_postgres,commits,2026-04,358
postgres_postgres,commits,2026-05,202
postgres_postgres,commits,2026-06,208
postgres_postgres,commits,2026-07,308
postgres_postgres,commits,2026-08,316
postgres_postgres,commits,2026-09,282
qdrant_qdrant,commits,2026-05,413
qdrant_qdrant,commits,2026-06,104
qdrant_qdrant,commits,2026-07,2
qdrant_qdrant,commits,2026-08,532
qdrant_qdrant,commits,2026-09,220
qdrant_qdrant,issues,2022-10,1
qdrant_qdrant,issues,2023-02,2
qdrant_qdrant,issues,2023-04,6
qdrant_qdrant,issues,2023-05,7
qdrant_qdrant,issues,2023-06,5
qdrant_qdrant,issues,2023-07,7
qdrant_qdrant,issues,2023-08,6
qdrant_qdrant,issues,2023-09,10
qdrant_qdrant,issues,2023-10,5
qdrant_qdrant,issues,2023-11,9
qdrant_qdrant,issues,2023-12,10
qdrant_qdrant,issues,2024-01,26
qdrant_qdrant,issues,2024-02,16
qdrant_qdrant,issues,2024-03,10
qdrant_qdrant,issues,2024-04,17
qdrant_qdrant,issues,2024-05,20
qdrant_qdrant,issues,2024-06,17
qdrant_qdrant,issues,2024-07,15
qdrant_qdrant,issues,2024-08,9
qdrant_qdrant,issues,2024-09,10
qdrant_qdrant,issues,2024-10,10
qdrant_qdrant,issues,2024-11,9
qdrant_qdrant,issues,2024-12,3
qdrant_qdrant,issues,2025-01,11
qdrant_qdrant,issues,2025-02,11
qdrant_qdrant,issues,2025-03,9
qdrant_qdrant,issues,2025-04,20
qdrant_qdrant,issues,2025-05,6
qdrant_qdrant,issues,2025-06,7
qdrant_qdrant,issues,2025-07,12
qdrant_qdrant,issues,2025-08,14
qdrant_qdrant,issues,2025-09,12
qdrant_qdrant,issues,2025-10,10
qdrant_qdrant,issues,2025-11,8
qdrant_qdrant,issues,2025-12,14
qdrant_qdrant,issues,2026-01,19
qdrant_qdrant,issues,2026-02,27
qdrant_qdrant,issues,2026-03,79
qdrant_qdrant,issues,2026-04,257
qdrant_qdrant,issues,2026-05,374
qdrant_qdrant,issues,2026-06,385
qdrant_qdrant,issues,2026-07,401
qdrant_qdrant,issues,2026-08,339
qdrant_qdrant,issues,2026-09,433
qdrant_qdrant,pulls,2026-04,235
qdrant_qdrant,pulls,2026-05,325
qdrant_qdrant,pulls,2026-06,332
qdrant_qdrant,pulls,2026-07,357
qdrant_qdrant,pulls,2026-08,285
qdrant_qdrant,pulls,2026-09,358
qdrant_qdrant,releases,2021-04,1
qdrant_qdrant,releases,2021-05,1
qdrant_qdrant,releases,2021-06,4
qdrant_qdrant,releases,2021-07,1
qdrant_qdrant,releases,2021-08,1
qdrant_qdrant,releases,2021-10,2
qdrant_qdrant,releases,2022-02,2
qdrant_qdrant,releases,2022-03,1
qdrant_qdrant,releases,2022-04,1
qdrant_qdrant,releases,2022-06,4
qdrant_qdrant,releases,2022-07,3
qdrant_qdrant,releases,2022-08,2
qdrant_qdrant,releases,2022-09,3
qdrant_qdrant,releases,2022-10,4
qdrant_qdrant,releases,2022-11,4
qdrant_qdrant,releases,2022-12,2
qdrant_qdrant,releases,2023-01,1
qdrant_qdrant,releases,2023-02,3
qdrant_qdrant,releases,2023-03,2
qdrant_qdrant,releases,2023-04,2
qdrant_qdrant,releases,2023-05,4
qdrant_qdrant,releases,2023-06,1
qdrant_qdrant,releases,2023-07,2
qdrant_qdrant,releases,2023-08,2
qdrant_qdrant,releases,2023-09,2
qdrant_qdrant,releases,2023-10,2
qdrant_qdrant,releases,2023-12,4
qdrant_qdrant,releases,2024-01,1
qdrant_qdrant,releases,2024-03,4
qdrant_qdrant,releases,2024-04,2
qdrant_qdrant,releases,2024-05,4
qdrant_qdrant,releases,2024-06,3
qdrant_qdrant,releases,2024-07,2
qdrant_qdrant,releases,2024-08,4
qdrant_qdrant,releases,2024-09,2
qdrant_qdrant,releases,2024-10,2
qdrant_qdrant,releases,2024-11,3
qdrant_qdrant,releases,2024-12,1
qdrant_qdrant,releases,2025-01,4
qdrant_qdrant,releases,2025-02,2
qdrant_qdrant,releases,2025-03,2
qdrant_qdrant,releases,2025-04,1
qdrant_qdrant,releases,2025-05,1
qdrant_qdrant,releases,2025-07,2
qdrant_qdrant,releases,2025-08,3
qdrant_qdrant,releases,2025-09,1
qdrant_qdrant,releases,2025-11,2
qdrant_qdrant,releases,2025-12,2
qdrant_qdrant,releases,2026-02,1
qdrant_qdrant,releases,2026-03,1
qdrant_qdrant,releases,2026-05,2
qdrant_qdrant,releases,2026-06,1
qdrant_qdrant,releases,2026-07,1
qdrant_qdrant,releases,2026-08,1
qdrant_qdrant,releases,2026-09,1
redis_redis,commits,2026-04,48
redis_redis,commits,2026-05,54
redis_redis,commits,2026-06,44
redis_redis,commits,2026-07,63
redis_redis,commits,2026-08,56
redis_redis,commits,2026-09,48
redis_redis,issues,2010-12,1
redis_redis,issues,2011-01,1
redis_redis,issues,2011-06,1
redis_redis,issues,2011-09,2
redis_redis,issues,2011-10,1
redis_redis,issues,2011-12,1
redis_redis,issues,2012-01,1
redis_redis,issues,2013-03,1
redis_redis,issues,2014-01,1
redis_redis,issues,2014-08,1
redis_redis,issues,2014-10,1
redis_redis,issues,2015-01,2
redis_redis,issues,2015-03,1
redis_redis,issues,2015-11,1
redis_redis,issues,2015-12,1
redis_redis,issues,2016-08,1
redis_redis,issues,2016-11,1
redis_redis,issues,2017-01,1
redis_redis,issues,2017-03,2
redis_redis,issues,2017-08,1
redis_redis,issues,2017-09,1
redis_redis,issues,2018-04,1
redis_redis,issues,2018-05,1
redis_redis,issues,2018-08,2
redis_redis,issues,2018-11,1
redis_redis,issues,2019-01,1
redis_redis,issues,2019-03,2
redis_redis,issues,2019-04,2
redis_redis,issues,2019-05,1
redis_redis,issues,2019-08,1
redis_redis,issues,2019-09,1
redis_redis,issues,2020-01,1
redis_redis,issues,2020-07,1
redis_redis,issues,2021-01,1
redis_redis,issues,2021-05,1
redis_redis,issues,2021-06,1
redis_redis,issues,2021-09,2
redis_redis,issues,2021-10,1
redis_redis,issues,2021-11,2
redis_redis,issues,2021-12,3
redis_redis,issues,2022-01,1
redis_redis,issues,2022-03,2
redis_redis,issues,2022-04,1
redis_redis,issues,2022-06,1
redis_redis,issues,2022-07,2
redis_redis,issues,2022-08,4
redis_redis,issues,2022-09,1
redis_redis,issues,2022-10,2
redis_redis,issues,2022-12,1
redis_redis,issues,2023-01,1
redis_redis,issues,2023-02,1
redis_redis,issues,2023-03,1
redis_redis,issues,2023-04,1
redis_redis,issues,2023-05,4
redis_redis,issues,2023-06,2
redis_redis,issues,2023-07,4
redis_redis,issues,2023-08,1
redis_redis,issues,2023-09,1
redis_redis,issues,2023-11,1
redis_redis,issues,2024-01,5
redis_redis,issues,2024-02,3
redis_redis,issues,2024-03,2
redis_redis,issues,2024-04,2
redis_redis,issues,2024-05,1
redis_redis,issues,2024-06,2
redis_redis,issues,2024-11,3
redis_redis,issues,2024-12,2
redis_redis,issues,2025-01,4
redis_redis,issues,2025-02,1
redis_redis,issues,2025-03,5
redis_redis,issues,2025-04,6
redis_redis,issues,2025-05,3
redis_redis,issues,2025-06,6
redis_redis,issues,2025-07,5
redis_redis,issues,2025-08,15
redis_redis,issues,2025-09,4
redis_redis,issues,2025-10,9
redis_redis,issues,2025-11,6
redis_redis,issues,2025-12,4
redis_redis,issues,2026-01,11
redis_redis,issues,2026-02,17
redis_redis,issues,2026-03,44
redis_redis,issues,2026-04,158
redis_redis,issues,2026-05,130
redis_redis,issues,2026-06,103
redis_redis,issues,2026-07,163
redis_redis,issues,2026-08,161
redis_redis,issues,2026-09,153
redis_redis,pulls,2026-04,126
redis_redis,pulls,2026-05,108
redis_redis,pulls,2026-06,69
redis_redis,pulls,2026-07,133
redis_redis,pulls,2026-08,138
redis_redis,pulls,2026-09,130
redis_redis,releases,2020-07,1
redis_redis,releases,2020-09,2
redis_redis,releases,2020-10,2
redis_redis,releases,2020-12,1
redis_redis,releases,2021-01,2
redis_redis,releases,2021-02,4
redis_redis,releases,2021-03,3
redis_redis,releases,2021-04,1
redis_redis,releases,2021-05,2
redis_redis,releases,2021-06,2
redis_redis,releases,2021-07,3
redis_redis,releases,2021-10,3
redis_redis,releases,2022-01,1
redis_redis,releases,2022-02,1
redis_redis,releases,2022-04,3
redis_redis,releases,2022-06,2
redis_redis,releases,2022-07,2
redis_redis,releases,2022-09,1
redis_redis,releases,2022-12,3
redis_redis,releases,2023-01,4
redis_redis,releases,2023-02,3
redis_redis,releases,2023-03,2
redis_redis,releases,2023-04,3
redis_redis,releases,2023-05,1
redis_redis,releases,2023-07,4
redis_redis,releases,2023-08,1
redis_redis,releases,2023-09,2
redis_redis,releases,2023-10,3
redis_redis,releases,2023-11,1
redis_redis,releases,2024-01,2
redis_redis,releases,2024-05,1
redis_redis,releases,2024-06,2
redis_redis,releases,2024-07,1
redis_redis,releases,2024-09,1
redis_redis,releases,2024-10,3
redis_redis,releases,2024-11,1
redis_redis,releases,2025-01,4
redis_redis,releases,2025-03,1
redis_redis,releases,2025-04,4
redis_redis,releases,2025-05,5
redis_redis,releases,2025-06,1
redis_redis,releases,2025-07,5
redis_redis,releases,2025-08,2
redis_redis,releases,2025-10,5
redis_redis,releases,2025-11,7
redis_redis,releases,2026-01,1
redis_redis,releases,2026-02,9
redis_redis,releases,2026-03,1
redis_redis,releases,2026-04,2
redis_redis,releases,2026-05,8
redis_redis,releases,2026-06,3
redis_redis,releases,2026-07,10
redis_redis,releases,2026-08,8
redis_redis,releases,2026-09,5
surrealdb_surrealdb,commits,2026-04,100
surrealdb_surrealdb,commits,2026-05,188
surrealdb_surrealdb,commits,2026-06,105
surrealdb_surrealdb,commits,2026-07,18
surrealdb_surrealdb,commits,2026-08,2
surrealdb_surrealdb,commits,2026-09,1
surrealdb_surrealdb,issues,2022-08,3
surrealdb_surrealdb,issues,2022-09,17
surrealdb_surrealdb,issues,2022-10,7
surrealdb_surrealdb,issues,2022-11,4
surrealdb_surrealdb,issues,2022-12,7
surrealdb_surrealdb,issues,2023-01,4
surrealdb_surrealdb,issues,2023-03,6
surrealdb_surrealdb,issues,2023-04,7
surrealdb_surrealdb,issues,2023-05,6
surrealdb_surrealdb,issues,2023-06,6
surrealdb_surrealdb,issues,2023-07,6
surrealdb_surrealdb,issues,2023-08,17
surrealdb_surrealdb,issues,2023-09,10
surrealdb_surrealdb,issues,2023-10,12
surrealdb_surrealdb,issues,2023-11,10
surrealdb_surrealdb,issues,2023-12,10
surrealdb_surrealdb,issues,2024-01,9
surrealdb_surrealdb,issues,2024-02,9
surrealdb_surrealdb,issues,2024-03,11
surrealdb_surrealdb,issues,2024-04,6
surrealdb_surrealdb,issues,2024-05,4
surrealdb_surrealdb,issues,2024-06,7
surrealdb_surrealdb,issues,2024-07,11
surrealdb_surrealdb,issues,2024-08,19
surrealdb_surrealdb,issues,2024-09,11
surrealdb_surrealdb,issues,2024-10,16
surrealdb_surrealdb,issues,2024-11,15
surrealdb_surrealdb,issues,2024-12,6
surrealdb_surrealdb,issues,2025-01,18
surrealdb_surrealdb,issues,2025-02,12
surrealdb_surrealdb,issues,2025-03,19
surrealdb_surrealdb,issues,2025-04,9
surrealdb_surrealdb,issues,2025-05,7
surrealdb_surrealdb,issues,2025-06,9
surrealdb_surrealdb,issues,2025-07,7
surrealdb_surrealdb,issues,2025-08,8
surrealdb_surrealdb,issues,2025-09,20
surrealdb_surrealdb,issues,2025-10,9
surrealdb_surrealdb,issues,2025-11,18
surrealdb_surrealdb,issues,2025-12,22
surrealdb_surrealdb,issues,2026-01,24
surrealdb_surrealdb,issues,2026-02,26
surrealdb_surrealdb,issues,2026-03,100
surrealdb_surrealdb,issues,2026-04,85
surrealdb_surrealdb,issues,2026-05,42
surrealdb_surrealdb,issues,2026-06,50
surrealdb_surrealdb,issues,2026-07,52
surrealdb_surrealdb,issues,2026-08,37
surrealdb_surrealdb,issues,2026-09,61
surrealdb_surrealdb,pulls,2026-04,53
surrealdb_surrealdb,pulls,2026-05,8
surrealdb_surrealdb,pulls,2026-06,17
surrealdb_surrealdb,pulls,2026-07,12
surrealdb_surrealdb,pulls,2026-08,12
surrealdb_surrealdb,pulls,2026-09,21
surrealdb_surrealdb,releases,2022-07,4
surrealdb_surrealdb,releases,2022-08,3
surrealdb_surrealdb,releases,2022-09,1
surrealdb_surrealdb,releases,2023-04,3
surrealdb_surrealdb,releases,2023-09,4
surrealdb_surrealdb,releases,2023-12,4
surrealdb_surrealdb,releases,2024-01,3
surrealdb_surrealdb,releases,2024-02,4
surrealdb_surrealdb,releases,2024-03,5
surrealdb_surrealdb,releases,2024-04,2
surrealdb_surrealdb,releases,2024-05,3
surrealdb_surrealdb,releases,2024-06,5
surrealdb_surrealdb,releases,2024-07,6
surrealdb_surrealdb,releases,2024-08,3
surrealdb_surrealdb,releases,2024-09,6
surrealdb_surrealdb,releases,2024-10,2
surrealdb_surrealdb,releases,2024-11,4
surrealdb_surrealdb,releases,2024-12,2
surrealdb_surrealdb,releases,2025-02,2
surrealdb_surrealdb,releases,2025-04,5
surrealdb_surrealdb,releases,2025-05,9
surrealdb_surrealdb,releases,2025-06,10
surrealdb_surrealdb,releases,2025-07,2
surrealdb_surrealdb,releases,2025-09,8
surrealdb_surrealdb,releases,2025-10,2
surrealdb_surrealdb,releases,2025-11,4
surrealdb_surrealdb,releases,2025-12,3
surrealdb_surrealdb,releases,2026-01,4
surrealdb_surrealdb,releases,2026-02,6
surrealdb_surrealdb,releases,2026-03,7
surrealdb_surrealdb,releases,2026-06,9
surrealdb_surrealdb,releases,2026-07,4
surrealdb_surrealdb,releases,2026-08,7
surrealdb_surrealdb,releases,2026-09,4
