repo,min_number,max_number,unique_numbers_captured,missing_in_range_count,total_gap_ranges_count,top_5_largest_gaps,explanation
apache_cassandra,38.0,5226.0,1130,4059,433,[736-845] (len 110); [964-1072] (len 109); [1202-1282] (len 81); [1454-1527] (len 74); [1760-1826] (len 67),"Severe truncation divergence (4059 missing across 433 ranges): 2,000 pagination cap caused issues and pulls endpoints to cover non-aligned historical spans."
chroma-core_chroma,469.0,7824.0,1141,6215,144,[3674-4088] (len 415); [3181-3566] (len 386); [5171-5511] (len 341); [1349-1644] (len 296); [4800-5046] (len 247),"Severe truncation divergence (6215 missing across 144 ranges): 2,000 pagination cap caused issues and pulls endpoints to cover non-aligned historical spans."
cockroachdb_cockroach,124.0,175977.0,13978,161876,3627,[15721-20295] (len 4575); [8980-13545] (len 4566); [1067-5344] (len 4278); [5689-8978] (len 3290); [37713-40704] (len 2992),"Severe truncation divergence (161876 missing across 3627 ranges): 2,000 pagination cap caused issues and pulls endpoints to cover non-aligned historical spans."
facebookresearch_faiss,1057.0,5690.0,753,3881,96,[1668-2498] (len 831); [1270-1616] (len 347); [3496-3809] (len 314); [2582-2892] (len 311); [1058-1268] (len 211),"Severe truncation divergence (3881 missing across 96 ranges): 2,000 pagination cap caused issues and pulls endpoints to cover non-aligned historical spans."
milvus-io_milvus,3678.0,53925.0,5964,44284,651,[5061-17568] (len 12508); [17570-20404] (len 2835); [21729-23111] (len 1383); [20406-21727] (len 1322); [28584-29843] (len 1260),"Severe truncation divergence (44284 missing across 651 ranges): 2,000 pagination cap caused issues and pulls endpoints to cover non-aligned historical spans."
mongodb_mongo,5.0,1829.0,218,1607,21,[6-1150] (len 1145); [1318-1432] (len 115); [1434-1546] (len 113); [1152-1230] (len 79); [1232-1290] (len 59),"Severe truncation divergence (1607 missing across 21 ranges): 2,000 pagination cap caused issues and pulls endpoints to cover non-aligned historical spans."
postgres_postgres,,,0,0,0,None,No issues or PRs in repository (e.g. Postgres mirror).
qdrant_qdrant,1132.0,10876.0,2678,7067,514,[1133-1448] (len 316); [1453-1663] (len 211); [3684-3830] (len 147); [2975-3120] (len 146); [4893-5003] (len 111),"Severe truncation divergence (7067 missing across 514 ranges): 2,000 pagination cap caused issues and pulls endpoints to cover non-aligned historical spans."
redis_redis,30.0,15891.0,1110,14752,259,[7496-8317] (len 822); [6748-7494] (len 747); [289-1014] (len 726); [8319-9000] (len 682); [4290-4869] (len 580),"Severe truncation divergence (14752 missing across 259 ranges): 2,000 pagination cap caused issues and pulls endpoints to cover non-aligned historical spans."
surrealdb_surrealdb,26.0,7561.0,891,6645,473,[239-1235] (len 997); [3954-4081] (len 128); [2043-2152] (len 110); [3829-3935] (len 107); [2590-2693] (len 104),"Severe truncation divergence (6645 missing across 473 ranges): 2,000 pagination cap caused issues and pulls endpoints to cover non-aligned historical spans."
