check_id,apache_cassandra,chroma-core_chroma,cockroachdb_cockroach,facebookresearch_faiss,milvus-io_milvus,mongodb_mongo,postgres_postgres,qdrant_qdrant,redis_redis,surrealdb_surrealdb
1,PASS,PASS,PASS,PASS,PASS,PASS,WARN,PASS,PASS,PASS
2,WARN,WARN,WARN,WARN,WARN,WARN,WARN,WARN,WARN,WARN
3,PASS,PASS,PASS,PASS,PASS,PASS,PASS,PASS,PASS,PASS
4,WARN,WARN,WARN,WARN,WARN,WARN,SKIPPED,WARN,WARN,WARN
5,PASS,PASS,PASS,PASS,PASS,PASS,PASS,PASS,PASS,PASS
6,PASS,PASS,PASS,PASS,PASS,PASS,PASS,PASS,PASS,PASS
7,PASS,PASS,WARN,WARN,PASS,PASS,PASS,WARN,PASS,PASS
8,PASS,PASS,PASS,PASS,PASS,PASS,PASS,PASS,PASS,PASS
9,WARN,WARN,WARN,WARN,WARN,WARN,WARN,WARN,WARN,WARN
10,WARN,PASS,WARN,PASS,PASS,WARN,WARN,PASS,PASS,PASS
11,PASS,PASS,PASS,PASS,PASS,PASS,WARN,PASS,PASS,PASS
