repo,entity,covered_span,total_records,active_months_count,zero_activity_months_count,zero_activity_months_list,median_monthly_volume,spike_threshold_5x,spike_months_count,spike_months_list,staleness_last_record_date
apache_cassandra,commits,2026-04 to 2026-09,696,6,0,None,120.0,600.0,0,None,2026-09-30T09:18:25Z
apache_cassandra,issues,2014-06 to 2026-09,1130,95,53,2014-07; 2014-08; 2014-09; 2014-10; 2014-11; 2014-12; 2015-01; 2015-02; 2015-03; 2015-04; 2015-05; 2015-06; 2015-07; 2015-08; 2015-09; 2015-11; 2015-12; 2016-01; 2016-02; 2016-03; 2016-04; 2016-05; 2016-06; 2016-07; 2016-09; 2016-10; 2016-11; 2016-12; 2017-01; 2017-02; 2017-03; 2017-04; 2017-07; 2017-08; 2017-11; 2017-12; 2018-01; 2018-05; 2018-06; 2018-07; 2018-09; 2018-12; 2019-01; 2019-02; 2019-03; 2019-04; 2019-07; 2019-09; 2020-08; 2020-10; 2020-11; 2021-02; 2021-05,5.0,25.0,8,2026-01 (31); 2026-03 (32); 2026-04 (81); 2026-05 (74); 2026-06 (56); 2026-07 (79); 2026-08 (96); 2026-09 (141),2026-09-30T10:00:07Z
apache_cassandra,pulls,2026-04 to 2026-09,527,6,0,None,80.0,400.0,0,None,2026-09-30T10:00:07Z
chroma-core_chroma,commits,2026-04 to 2026-09,418,6,0,None,79.5,397.5,0,None,2026-09-30T16:28:36Z
chroma-core_chroma,issues,2023-05 to 2026-09,1141,38,3,2023-12; 2024-12; 2025-08,2.5,12.5,7,2026-03 (69); 2026-04 (195); 2026-05 (163); 2026-06 (188); 2026-07 (170); 2026-08 (123); 2026-09 (155),2026-09-30T11:57:45Z
chroma-core_chroma,pulls,2026-04 to 2026-09,887,6,0,None,151.5,757.5,0,None,2026-09-29T23:56:05Z
chroma-core_chroma,releases,2022-10 to 2026-05,137,36,8,2022-11; 2022-12; 2023-01; 2024-03; 2024-05; 2024-08; 2025-02; 2025-03,3.0,15.0,0,None,2026-05-05T05:55:40Z
cockroachdb_cockroach,commits,2026-04 to 2026-09,2492,6,0,None,66.5,332.5,2,2026-04 (1234); 2026-05 (1100),2026-09-23T13:47:07Z
cockroachdb_cockroach,issues,2014-10 to 2026-09,13978,109,35,2015-06; 2015-07; 2015-08; 2015-09; 2015-10; 2015-11; 2015-12; 2016-01; 2016-02; 2016-04; 2016-05; 2016-06; 2016-07; 2016-09; 2016-10; 2016-11; 2016-12; 2017-01; 2017-03; 2017-04; 2017-06; 2017-07; 2017-08; 2017-09; 2017-10; 2018-01; 2018-11; 2019-01; 2019-02; 2019-04; 2019-06; 2019-07; 2019-08; 2019-12; 2020-10,14.0,70.0,25,2024-08 (81); 2024-10 (117); 2024-11 (197); 2024-12 (138); 2025-01 (89); 2025-02 (95); 2025-03 (103); 2025-04 (90); 2025-05 (126); 2025-06 (179); 2025-07 (175); 2025-08 (159); 2025-09 (148); 2025-10 (227); 2025-11 (184); 2025-12 (193); 2026-01 (179); 2026-02 (399); 2026-03 (1330); 2026-04 (2289); 2026-05 (1738); 2026-06 (871); 2026-07 (886); 2026-08 (1376); 2026-09 (1551),2026-09-30T16:16:09Z
cockroachdb_cockroach,pulls,2026-04 to 2026-09,2292,6,0,None,64.0,320.0,2,2026-04 (1210); 2026-05 (895),2026-09-28T03:45:13Z
facebookresearch_faiss,commits,2026-04 to 2026-09,461,6,0,None,73.0,365.0,0,None,2026-09-29T20:39:58Z
facebookresearch_faiss,issues,2019-12 to 2026-09,753,37,45,2020-01; 2020-02; 2020-03; 2020-04; 2020-05; 2020-07; 2020-08; 2020-09; 2020-10; 2020-11; 2020-12; 2021-03; 2021-04; 2021-05; 2021-06; 2021-07; 2021-08; 2021-09; 2021-10; 2021-11; 2021-12; 2022-01; 2022-02; 2022-03; 2022-04; 2022-05; 2022-06; 2022-07; 2022-08; 2022-10; 2022-12; 2023-01; 2023-02; 2023-03; 2023-04; 2023-05; 2023-09; 2023-12; 2024-01; 2024-02; 2024-04; 2024-05; 2024-07; 2025-02; 2025-06,2.0,10.0,7,2026-03 (39); 2026-04 (142); 2026-05 (90); 2026-06 (104); 2026-07 (125); 2026-08 (52); 2026-09 (138),2026-09-30T14:10:24Z
facebookresearch_faiss,pulls,2026-04 to 2026-09,583,6,0,None,99.5,497.5,0,None,2026-09-30T14:10:24Z
facebookresearch_faiss,releases,2018-03 to 2026-09,29,25,78,2018-04; 2018-05; 2018-06; 2018-09; 2018-10; 2018-11; 2018-12; 2019-01; 2019-02; 2019-03; 2019-04; 2019-07; 2019-08; 2019-09; 2019-10; 2019-11; 2019-12; 2020-01; 2020-02; 2020-03; 2020-04; 2020-05; 2020-06; 2020-07; 2020-09; 2020-11; 2021-01; 2021-03; 2021-04; 2021-06; 2021-07; 2021-08; 2021-09; 2021-10; 2021-11; 2021-12; 2022-02; 2022-03; 2022-04; 2022-05; 2022-06; 2022-07; 2022-08; 2022-09; 2022-10; 2022-12; 2023-01; 2023-02; 2023-03; 2023-05; 2023-06; 2023-07; 2023-08; 2023-09; 2023-10; 2023-11; 2023-12; 2024-01; 2024-02; 2024-04; 2024-05; 2024-06; 2024-07; 2024-08; 2024-09; 2024-11; 2024-12; 2025-02; 2025-03; 2025-05; 2025-06; 2025-07; 2025-09; 2025-10; 2026-01; 2026-02; 2026-04; 2026-07,1.0,5.0,0,None,2026-09-16T19:24:02Z
milvus-io_milvus,commits,2026-04 to 2026-09,1364,6,0,None,229.5,1147.5,0,None,2026-09-30T14:57:37Z
milvus-io_milvus,issues,2020-09 to 2026-09,5964,43,30,2020-10; 2020-11; 2020-12; 2021-01; 2021-02; 2021-03; 2021-05; 2021-06; 2021-07; 2021-08; 2021-09; 2021-10; 2021-11; 2021-12; 2022-01; 2022-02; 2022-03; 2022-04; 2022-05; 2022-07; 2022-08; 2022-09; 2022-10; 2022-12; 2023-02; 2023-04; 2023-09; 2023-12; 2024-02; 2024-08,5.0,25.0,13,2025-08 (27); 2025-10 (26); 2025-11 (54); 2025-12 (58); 2026-01 (84); 2026-02 (123); 2026-03 (297); 2026-04 (798); 2026-05 (695); 2026-06 (739); 2026-07 (1131); 2026-08 (932); 2026-09 (864),2026-09-30T11:24:05Z
milvus-io_milvus,pulls,2026-04 to 2026-09,3484,6,0,None,571.5,2857.5,0,None,2026-09-30T09:07:13Z
milvus-io_milvus,releases,2019-10 to 2026-09,176,73,11,2020-01; 2020-02; 2020-10; 2020-11; 2021-04; 2022-03; 2022-05; 2022-06; 2022-10; 2023-01; 2023-12,2.0,10.0,0,None,2026-09-29T06:56:47Z
mongodb_mongo,commits,2026-04 to 2026-09,5839,6,0,None,994.0,4970.0,0,None,2026-09-30T16:21:54Z
mongodb_mongo,issues,2010-10 to 2026-09,218,27,165,2010-11; 2010-12; 2011-01; 2011-02; 2011-03; 2011-04; 2011-05; 2011-06; 2011-07; 2011-08; 2011-09; 2011-10; 2011-11; 2011-12; 2012-01; 2012-02; 2012-03; 2012-04; 2012-05; 2012-06; 2012-07; 2012-08; 2012-09; 2012-10; 2012-11; 2012-12; 2013-01; 2013-02; 2013-03; 2013-04; 2013-05; 2013-06; 2013-07; 2013-08; 2013-09; 2013-10; 2013-11; 2013-12; 2014-01; 2014-02; 2014-03; 2014-04; 2014-05; 2014-06; 2014-07; 2014-08; 2014-09; 2014-10; 2014-11; 2014-12; 2015-01; 2015-02; 2015-03; 2015-04; 2015-05; 2015-06; 2015-07; 2015-08; 2015-09; 2015-10; 2015-11; 2015-12; 2016-01; 2016-02; 2016-03; 2016-04; 2016-05; 2016-06; 2016-07; 2016-08; 2016-09; 2016-10; 2016-11; 2016-12; 2017-01; 2017-02; 2017-03; 2017-04; 2017-06; 2017-07; 2017-08; 2017-09; 2017-10; 2017-11; 2017-12; 2018-01; 2018-02; 2018-04; 2018-05; 2018-06; 2018-07; 2018-08; 2018-09; 2018-10; 2018-11; 2018-12; 2019-02; 2019-03; 2019-04; 2019-06; 2019-08; 2019-09; 2019-10; 2019-11; 2019-12; 2020-01; 2020-02; 2020-03; 2020-04; 2020-05; 2020-06; 2020-07; 2020-08; 2020-09; 2020-10; 2020-11; 2020-12; 2021-01; 2021-02; 2021-03; 2021-04; 2021-05; 2021-06; 2021-07; 2021-08; 2021-09; 2021-10; 2021-12; 2022-01; 2022-02; 2022-03; 2022-04; 2022-05; 2022-06; 2022-07; 2022-08; 2022-09; 2022-10; 2022-11; 2022-12; 2023-01; 2023-02; 2023-03; 2023-04; 2023-08; 2023-09; 2024-01; 2024-02; 2024-03; 2024-04; 2024-05; 2024-06; 2024-07; 2024-08; 2024-09; 2024-10; 2024-11; 2024-12; 2025-02; 2025-03; 2025-05; 2025-06; 2025-07; 2025-09; 2025-11,1.0,5.0,2,2026-05 (175); 2026-09 (6),2026-09-26T04:49:02Z
mongodb_mongo,pulls,2026-04 to 2026-09,189,6,0,None,2.5,12.5,1,2026-05 (175),2026-09-26T04:49:02Z
postgres_postgres,commits,2026-04 to 2026-09,1674,6,0,None,295.0,1475.0,0,None,2026-09-30T12:36:33Z
qdrant_qdrant,commits,2026-05 to 2026-09,1271,5,0,None,220.0,1100.0,0,None,2026-09-03T12:36:18Z
qdrant_qdrant,issues,2022-10 to 2026-09,2678,44,4,2022-11; 2022-12; 2023-01; 2023-03,10.5,52.5,7,2026-03 (79); 2026-04 (257); 2026-05 (374); 2026-06 (385); 2026-07 (401); 2026-08 (339); 2026-09 (433),2026-09-30T13:32:03Z
qdrant_qdrant,pulls,2026-04 to 2026-09,1892,6,0,None,328.5,1642.5,0,None,2026-09-30T13:32:03Z
qdrant_qdrant,releases,2021-04 to 2026-09,117,55,11,2021-09; 2021-11; 2021-12; 2022-01; 2022-05; 2023-11; 2024-02; 2025-06; 2025-10; 2026-01; 2026-04,2.0,10.0,0,None,2026-09-04T07:59:14Z
redis_redis,commits,2026-04 to 2026-09,313,6,0,None,51.0,255.0,0,None,2026-09-30T12:02:11Z
redis_redis,issues,2010-12 to 2026-09,1110,88,102,2011-02; 2011-03; 2011-04; 2011-05; 2011-07; 2011-08; 2011-11; 2012-02; 2012-03; 2012-04; 2012-05; 2012-06; 2012-07; 2012-08; 2012-09; 2012-10; 2012-11; 2012-12; 2013-01; 2013-02; 2013-04; 2013-05; 2013-06; 2013-07; 2013-08; 2013-09; 2013-10; 2013-11; 2013-12; 2014-02; 2014-03; 2014-04; 2014-05; 2014-06; 2014-07; 2014-09; 2014-11; 2014-12; 2015-02; 2015-04; 2015-05; 2015-06; 2015-07; 2015-08; 2015-09; 2015-10; 2016-01; 2016-02; 2016-03; 2016-04; 2016-05; 2016-06; 2016-07; 2016-09; 2016-10; 2016-12; 2017-02; 2017-04; 2017-05; 2017-06; 2017-07; 2017-10; 2017-11; 2017-12; 2018-01; 2018-02; 2018-03; 2018-06; 2018-07; 2018-09; 2018-10; 2018-12; 2019-02; 2019-06; 2019-07; 2019-10; 2019-11; 2019-12; 2020-02; 2020-03; 2020-04; 2020-05; 2020-06; 2020-08; 2020-09; 2020-10; 2020-11; 2020-12; 2021-02; 2021-03; 2021-04; 2021-07; 2021-08; 2022-02; 2022-05; 2022-11; 2023-10; 2023-12; 2024-07; 2024-08; 2024-09; 2024-10,1.0,5.0,14,2025-04 (6); 2025-06 (6); 2025-08 (15); 2025-10 (9); 2025-11 (6); 2026-01 (11); 2026-02 (17); 2026-03 (44); 2026-04 (158); 2026-05 (130); 2026-06 (103); 2026-07 (163); 2026-08 (161); 2026-09 (153),2026-09-29T08:34:42Z
redis_redis,pulls,2026-04 to 2026-09,704,6,0,None,128.0,640.0,0,None,2026-09-29T08:34:42Z
redis_redis,releases,2020-07 to 2026-09,155,54,21,2020-08; 2020-11; 2021-08; 2021-09; 2021-11; 2021-12; 2022-03; 2022-05; 2022-08; 2022-10; 2022-11; 2023-06; 2023-12; 2024-02; 2024-03; 2024-04; 2024-08; 2024-12; 2025-02; 2025-09; 2025-12,2.0,10.0,0,None,2026-09-17T15:06:56Z
surrealdb_surrealdb,commits,2026-04 to 2026-09,414,6,0,None,59.0,295.0,0,None,2026-09-04T15:45:01Z
surrealdb_surrealdb,issues,2022-08 to 2026-09,891,49,1,2023-02,10.0,50.0,4,2026-03 (100); 2026-04 (85); 2026-07 (52); 2026-09 (61),2026-09-30T14:17:41Z
surrealdb_surrealdb,pulls,2026-04 to 2026-09,123,6,0,None,14.5,72.5,0,None,2026-09-30T14:17:41Z
surrealdb_surrealdb,releases,2022-07 to 2026-09,150,34,17,2022-10; 2022-11; 2022-12; 2023-01; 2023-02; 2023-03; 2023-05; 2023-06; 2023-07; 2023-08; 2023-10; 2023-11; 2025-01; 2025-03; 2025-08; 2026-04; 2026-05,4.0,20.0,0,None,2026-09-28T11:40:59Z
